method,seed,best_value,evaluations,seconds,best_vector
GA_sigma_2pct,60000,0.34623121699623544,12000,0.05206187500152737,-0.132185279229 -0.0359650275595 0.0757677249065 0.179460696777 -0.542564401493 -0.644543714437 -1.26390578682
GA_sigma_2pct,60001,0.3628908631676339,12000,0.059246458928100765,-1.33625461538 -0.27985987566 0.113702011864 -0.146487511908 -0.307515087622 -0.920279599284 0.0363674799573
GA_sigma_2pct,60002,0.2961017234181479,12000,0.052126499940641224,-0.4990275684 -0.0457248324992 -0.884712670972 -0.458062634589 -1.43578741582 -0.413177378218 0.21481209522
GA_sigma_2pct,60003,0.22509622532849205,12000,0.053018375067040324,-0.677349487072 -0.10156299372 -0.849804312252 -1.47306200319 -0.844893328193 -0.98695366868 -0.132233459978
GA_sigma_2pct,60004,0.26031428990780514,12000,0.05242362502031028,-0.269797077551 -1.06221605682 0.23132929293 -1.30797199269 -0.531909944111 -0.465983020602 -0.062858642054
GA_sigma_2pct,60005,0.3453710837529467,12000,0.052709124982357025,0.0568313156869 -0.471362878135 -0.162248330335 -0.0833212554741 -1.39506244485 -0.909775008091 -0.0737054666679
GA_sigma_2pct,60006,0.40473999006647654,12000,0.05237541696988046,-0.744653902498 -0.888270758473 -0.96259457412 -0.160598551463 -0.0216073992306 0.00840795305265 0.350942485989
GA_sigma_2pct,60007,0.38656226754635653,12000,0.0527643330860883,-1.19283100788 -0.0971701979103 0.0258642240139 0.0692481052772 -0.831079936674 -0.1369012706 0.0158030749627
GA_sigma_2pct,60008,0.4021462426963191,12000,0.05295191705226898,0.264149083217 -1.22561072309 -0.686487876156 0.177438504348 -0.301408390389 -0.243349642556 -0.296204357349
GA_sigma_2pct,60009,0.286385530421622,12000,0.05286058399360627,-0.568810320464 0.307525758455 -0.389739433417 -1.15725526346 -0.835774242683 -0.451137976165 -1.23139877976
GA_sigma_2pct,60010,0.32089033376421233,12000,0.05297095805872232,-0.559665450747 0.16299406681 -1.47299904107 -0.0475414650137 -0.354416227231 -0.239381891943 -0.24237123511
GA_sigma_2pct,60011,0.4155845264900667,12000,0.05249120795633644,-0.0980142379414 0.481807852498 -0.811682672229 -0.252602286114 -0.703127749501 -0.18657228526 0.0713492820311
GA_sigma_2pct,60012,0.38025152792876193,12000,0.05293266708031297,-1.26446440139 0.102285554034 -0.934147586161 0.0546834364226 -0.350715606752 -0.184973796804 -0.0686469364319
GA_sigma_2pct,60013,0.2699012723429698,12000,0.05285079195164144,-0.463596827067 -0.798167765128 -0.172861116897 -0.223662473639 -1.6563048172 -0.131713739334 -0.557639624058
GA_sigma_2pct,60014,0.32801511970113345,12000,0.05331241700332612,-1.07078310718 -0.702498356864 -1.02543183352 0.050816820745 -1.02697458699 -0.370056451453 0.212477697058
GA_sigma_2pct,60015,0.32860971837231956,12000,0.052938458044081926,-0.32143166298 -0.0195359328874 -0.267519737165 -1.55754477795 -0.815640045169 -0.0360901055042 -0.470937419549
GA_sigma_2pct,60016,0.2774850341446724,12000,0.05339091701898724,-0.491019687961 -0.0984362302382 0.145621215784 -0.402754686258 -0.647853313338 -1.22747657237 -1.2815346311
GA_sigma_2pct,60017,0.350672482918428,12000,0.05291695799678564,-0.193274265372 -0.373948553611 -0.379092467111 0.6359452918 -0.39867151495 -1.0459251792 -0.663865215415
GA_sigma_2pct,60018,0.43624250241115997,12000,0.053119749994948506,-0.141589099882 0.382130646217 -0.358571388765 -0.119712652362 0.0301886120851 -1.10837896973 -0.331413167907
GA_sigma_2pct,60019,0.2883800363970249,12000,0.05297112499829382,-0.655105745666 -0.215111123144 0.161201317668 -0.320760985931 -0.905331843265 -0.665213513623 -1.49230638953
GA_sigma_8pct,61000,0.2775975575969157,12000,0.053082042024470866,-1.1812994328 -0.406986929593 -1.05510316434 -0.811407512591 -0.048853615934 0.310746525202 -0.393317007691
GA_sigma_8pct,61001,0.31106699441961294,12000,0.053497540997341275,-0.736583924435 -0.789947281154 -0.414525308817 -0.0924975905534 0.18464144565 -0.962674346047 -1.36903907571
GA_sigma_8pct,61002,0.22333648467412726,12000,0.05321033392101526,-1.1040154584 -1.05992921659 -1.04278011176 -0.62358439721 -0.545215896596 -0.538831570385 0.370896580282
GA_sigma_8pct,61003,0.1324031841207175,12000,0.053255332983098924,-1.49454815369 -1.08099300122 -0.636388015168 -1.01302431445 -0.857087486251 -0.384022406765 -0.529492289839
GA_sigma_8pct,61004,0.2898583136042679,12000,0.0530755000654608,-0.815906202417 -1.02337425373 -1.13914094708 0.128117290129 -0.276698316459 -1.01510554495 0.00712264076416
GA_sigma_8pct,61005,0.3144181404546931,12000,0.05298720905557275,-1.08364757096 -0.568108488738 -0.825556388157 0.415237196634 -0.754449920342 0.127137669026 -0.442934949713
GA_sigma_8pct,61006,0.18568889729436322,12000,0.05379341694060713,-1.12988823166 0.206104558536 -0.367199668243 -0.841162370718 -0.933218171703 -1.13889455561 -0.853529474961
GA_sigma_8pct,61007,0.30715234346270537,12000,0.053168458049185574,-0.222246627876 -1.49260766737 -0.739511964181 -0.374698956099 0.0783550017307 -0.192505936168 -0.931714200792
GA_sigma_8pct,61008,0.2809767479118076,12000,0.05284779192879796,-0.61096091869 0.431762431941 -0.113099762809 -0.26800889477 -1.03700305063 -1.10130142238 -0.626927630775
GA_sigma_8pct,61009,0.3396227734060069,12000,0.0526920419652015,0.268809423029 -0.226731130616 -0.165815351499 0.0341600675917 -0.973411138149 -1.17226983551 -0.604246902958
GA_sigma_8pct,61010,0.240384742156723,12000,0.05291337496601045,-0.332173890683 -1.51659234778 -0.402668821359 -0.0948352884389 -0.312558853815 -0.622912471464 -1.18125495042
GA_sigma_8pct,61011,0.35997825040263076,12000,0.05348074994981289,-0.0448907607698 -0.586515459846 -0.401635648674 0.11687031926 -0.329898475442 0.237206993304 -1.25688995924
GA_sigma_8pct,61012,0.3767044760022733,12000,0.053609500057064,-0.435879455902 -1.51887831694 -0.125268380397 -0.955403023718 -0.0485945645727 -0.238393454432 -0.207773787778
GA_sigma_8pct,61013,0.28159617653368463,12000,0.05312379100359976,-0.848181181216 -0.547555578428 0.117309816908 -0.0650455017161 -0.304297595274 -1.01281310336 -1.36923662108
GA_sigma_8pct,61014,0.2632853587014601,12000,0.05323041696101427,-1.14023733109 -0.396979296334 -0.342718703023 -0.514567848087 0.330454428379 -0.456965669222 -1.28285740259
GA_sigma_8pct,61015,0.20570564967690902,12000,0.05323274992406368,-1.17335223283 -0.629004538972 -0.489597130074 -1.41637298177 -0.257145674129 -0.555047820525 -1.11405092055
GA_sigma_8pct,61016,0.36578521157595023,12000,0.05332141602411866,0.0928434029115 -0.547384145521 -0.36640781995 -1.59285528647 -0.084359705326 -0.404215372662 -0.520006181512
GA_sigma_8pct,61017,0.2292249601879962,12000,0.05318691593129188,-1.18511636902 0.224646016928 -1.07971763889 -0.490424722284 -0.968926361838 -0.51798892673 -0.945440083936
GA_sigma_8pct,61018,0.3044832836957432,12000,0.05325558397453278,-1.22121851755 -0.71738638004 -0.559331402464 -0.172540844122 0.491577825281 -0.797925752158 -0.516364905813
GA_sigma_8pct,61019,0.32054540910413976,12000,0.05336741602513939,-0.216324339822 -0.765064766931 -1.50481811063 0.195637462503 -0.691614405663 -0.330789456673 -0.29702329344
random_search,90000,48.15833850446177,12000,0.010410959017463028,-4.84186162317 1.00704412399 1.72156890713 -0.979140875166 0.386354634767 2.85998091268 -2.86531641822
random_search,90001,47.1987563796288,12000,0.010192833025939763,-5.67946635414 -1.05176854091 0.304868366521 1.30877614775 -2.75470031387 -0.696245708513 -1.668849129
random_search,90002,39.52317479184227,12000,0.010390792042016983,-1.18767540365 -2.79492880332 0.579092879397 1.08233552666 -4.89440830004 -1.11270839589 -1.75538626124
random_search,90003,37.508079551358776,12000,0.010479208081960678,3.82461906657 -1.3804278623 1.06276189502 3.01994799641 2.18388854489 -1.1474482414 -1.17525277159
random_search,90004,21.809866009880768,12000,0.010294917039573193,-1.18493190653 3.63903660147 -0.983044280745 0.449322789456 -0.524932761305 0.664749210231 1.78813352785
random_search,90005,32.80783999244542,12000,0.010566749959252775,-1.27582597524 -1.01080286069 -2.28010177749 0.506835026532 -1.23101277156 2.57895518664 3.71009158485
random_search,90006,49.460696066103594,12000,0.010456999996677041,0.69984949841 0.998507984049 -2.77560393432 -3.307069543 -1.71657498829 -1.45666664456 -4.86367239465
random_search,90007,57.56479851155703,12000,0.010471666930243373,3.33433036029 -2.72756064594 -2.39919757009 -2.83351951403 -0.907582814731 4.30256143333 1.25658261906
random_search,90008,23.747793731836133,12000,0.010442750062793493,1.33596333848 -0.509670942042 -2.31863832422 2.52804922676 -1.87102651923 -2.1654792273 0.424171092826
random_search,90009,29.575796425207532,12000,0.010305417003110051,1.56711447506 -3.97723991836 -2.30276333223 -0.887913204503 -0.095829348252 -1.91584902441 0.861299915892
random_search,90010,52.76119529563089,12000,0.010485584032721817,-0.30976285779 -4.11219668924 5.0667007911 1.3738679127 -1.00842631682 0.291373188208 1.67298489152
random_search,90011,45.865503028949774,12000,0.01031983399298042,-1.65925497451 1.3386065648 -2.65155056063 0.102571815336 4.07304002593 -2.8060667572 -2.65630344278
random_search,90012,42.482737273448265,12000,0.010298250010237098,-0.267997061537 -1.60012386027 0.8856423648 1.79307519382 1.56636279982 -0.267300653812 -5.53367681579
random_search,90013,41.60572327947591,12000,0.01036620803643018,-0.976674992634 -3.42977004206 2.07985117004 2.93001628438 2.34494373602 -1.25060873528 2.31037678509
random_search,90014,41.55316640477537,12000,0.01031412510201335,1.95740242425 3.12513733452 4.88945880802 0.231006375756 0.338153085688 -0.729835750361 0.101863195132
random_search,90015,38.569308711735815,12000,0.010364833055064082,-3.64354070176 -0.528580736854 -2.421744822 -0.744536919279 0.0771180771603 3.27440840233 2.25813318371
random_search,90016,29.221121494607072,12000,0.010358415893279016,-1.13165586432 -3.53984096853 1.14471189432 2.18792588452 -0.785279553485 -2.09923544813 -1.81357716291
random_search,90017,42.54128142695235,12000,0.010288999998010695,0.0794186400642 0.798667820932 2.21889693178 1.10439028531 -1.22147440568 -5.22984657347 1.91163371214
random_search,90018,31.74340669677359,12000,0.010440042009577155,-4.25696434139 0.920451716284 -1.06899177013 1.63080167232 -1.33668234998 1.09813915173 -2.11901146352
random_search,90019,51.60624004483353,12000,0.010296417050994933,1.84357411572 -3.2975675873 1.4090418437 -0.916244334913 3.80351092844 0.211923026005 -4.02853544895
